Q_feed (m^3/hr),C_Li_feed (kg/m^3),C_Co_feed (kg/m^3),Q_diaf (m^3/hr),Q_Li_prdt (m^3/hr),Q_Co_prdt (m^3/hr),C_Co_Co_prdt (kg/m^3),C_Li_Co_prdt (kg/m^3),C_Li_Li_prdt (kg/m^3),C_Co_Li_prdt (kg/m^3)
90.0,1.7,17.0,27.0,86.27973989536305,36.046606121155016,38.5650668015696,0.6923874249983458,1.7396707162597893,3.0872498554298384
110.0,1.7,17.0,27.0,89.75893687478704,50.10217902280658,33.263942982985505,0.6909033101146922,1.8473330975234754,2.952497224843618
90.0,1.7,17.0,33.0,84.43540315586657,32.38299567568838,36.209730713524586,0.3725684840600887,1.3798742862114581,2.5877389486826887
110.0,1.7,17.0,33.0,90.31374560571386,52.65271899457204,30.924600438076087,0.6286258133032289,1.7023119476393989,2.669056898045645
