Q_feed (m^3/hr),C_Li_feed (kg/m^3),C_Co_feed (kg/m^3),Q_diaf (m^3/hr),Q_Li_prdt (m^3/hr),Q_Co_prdt (m^3/hr),C_Co_Co_prdt (kg/m^3),C_Li_Co_prdt (kg/m^3),C_Li_Li_prdt (kg/m^3),C_Co_Li_prdt (kg/m^3)
90.0,1.7,17.0,27.0,78.03815491356659,41.625018094692436,34.74075817189833,0.9905178686721513,1.5149230482952374,1.7376810406185423
110.0,1.7,17.0,27.0,79.38141230350335,59.04914564529347,29.753031844571577,1.0999286470670837,1.586410416567023,1.733280459372361
90.0,1.7,17.0,33.0,78.15932000023244,41.74987941554501,32.3117551059815,0.937629145951307,1.3625717366180359,1.5965408278946045
110.0,1.7,17.0,33.0,80.55753043827802,62.42570186186492,27.851944018802723,1.0986747989156285,1.4693715905815474,1.626809094604768
