Q_feed (m^3/hr),C_Li_feed (kg/m^3),C_Co_feed (kg/m^3),Q_diaf (m^3/hr),Q_Li_prdt (m^3/hr),Q_Co_prdt (m^3/hr),C_Co_Co_prdt (kg/m^3),C_Li_Co_prdt (kg/m^3),C_Li_Li_prdt (kg/m^3),C_Co_Li_prdt (kg/m^3)
90.0,1.7,17.0,27.0,77.55908821806385,44.76725779845422,34.6166226589551,1.121868673756049,1.6201725821108808,1.1760100169514236
110.0,1.7,17.0,27.0,78.41656555313405,61.44455034445958,29.85872028579824,1.181375893187407,1.6353652046244942,1.1412243926802867
90.0,1.7,17.0,33.0,75.19291305591116,41.625485775643774,32.26268925245935,0.8399133288463368,1.2318497295640733,0.8727731718088826
110.0,1.7,17.0,33.0,79.30937663147255,63.657087968813386,28.06776959072181,1.1197128328568073,1.4570691492778163,1.0424936416863475
