Q_feed (m^3/hr),C_Li_feed (kg/m^3),C_Co_feed (kg/m^3),Q_diaf (m^3/hr),Q_Li_prdt (m^3/hr),Q_Co_prdt (m^3/hr),C_Co_Co_prdt (kg/m^3),C_Li_Co_prdt (kg/m^3),C_Li_Li_prdt (kg/m^3),C_Co_Li_prdt (kg/m^3)
90.0,1.7,17.0,27.0,76.22750171393433,43.4356712943247,34.51009573862474,1.0153417534256877,1.5136456617805194,1.0694830966210622
110.0,1.7,17.0,27.0,77.70128657873563,60.72927137006118,29.801497967846366,1.1241535752355345,1.5781428866726217,1.0840020747284143
90.0,1.7,17.0,33.0,76.73831334802243,43.17088606775504,32.38632127582825,0.9635453522152383,1.3554817529329748,0.996405195177784
110.0,1.7,17.0,33.0,79.31776048140107,63.665471818741906,28.06844029871609,1.1203835408510892,1.457739857272098,1.0431643496806293
100.0,1.7,17.0,30.0,78.35779603096772,52.88487591681325,30.976589400626295,1.0680646973812868,1.4895794261004314,1.0634553726334766
